{"stats":{"minecraft:dropped":{"minecraft:iron_sword":1,"minecraft:wheat_seeds":3,"minecraft:lilac":1,"minecraft:birch_sapling":1,"minecraft:azure_bluet":1,"minecraft:gunpowder":1,"minecraft:oak_sapling":1,"minecraft:wooden_sword":1,"minecraft:arrow":1,"minecraft:red_tulip":2},"minecraft:custom":{"minecraft:interact_with_furnace":36,"minecraft:mob_kills":23,"minecraft:interact_with_crafting_table":29,"minecraft:time_since_death":12354,"minecraft:sleep_in_bed":2,"minecraft:time_since_rest":12377,"minecraft:sprint_one_cm":248631,"minecraft:damage_taken":1218,"minecraft:walk_one_cm":178746,"minecraft:damage_blocked_by_shield":240,"minecraft:drop":13,"minecraft:damage_dealt":4471,"minecraft:swim_one_cm":26370,"minecraft:fly_one_cm":184353,"minecraft:open_chest":12,"minecraft:crouch_one_cm":6014,"minecraft:play_time":64906,"minecraft:deaths":3,"minecraft:sneak_time":2084,"minecraft:walk_under_water_one_cm":8903,"minecraft:jump":1142,"minecraft:walk_on_water_one_cm":15756,"minecraft:total_world_time":64906,"minecraft:fall_one_cm":34677},"minecraft:used":{"minecraft:cooked_mutton":2,"minecraft:diorite":1,"minecraft:stone_pickaxe":42,"minecraft:shield":8,"minecraft:chest":1,"minecraft:wooden_pickaxe":16,"minecraft:iron_sword":47,"minecraft:cooked_chicken":1,"minecraft:rotten_flesh":9,"minecraft:orange_bed":1,"minecraft:torch":23,"minecraft:dirt":7,"minecraft:mutton":6,"minecraft:crafting_table":3,"minecraft:iron_pickaxe":155,"minecraft:wooden_sword":63,"minecraft:cobblestone":73,"minecraft:oak_sapling":1,"minecraft:furnace":1,"minecraft:egg":2,"minecraft:cooked_beef":1,"minecraft:cobbled_deepslate":1},"minecraft:crafted":{"minecraft:cooked_beef":1,"minecraft:crafting_table":1,"minecraft:iron_helmet":1,"minecraft:wooden_pickaxe":1,"minecraft:cooked_chicken":1,"minecraft:iron_sword":1,"minecraft:furnace":1,"minecraft:bucket":1,"minecraft:birch_planks":52,"minecraft:orange_dye":3,"minecraft:orange_wool":3,"minecraft:air":0,"minecraft:iron_boots":1,"minecraft:iron_chestplate":1,"minecraft:shield":2,"minecraft:stick":28,"minecraft:iron_ingot":60,"minecraft:iron_pickaxe":2,"minecraft:stone_pickaxe":2,"minecraft:chest":1,"minecraft:iron_leggings":1,"minecraft:orange_bed":1,"minecraft:torch":32},"minecraft:killed":{"minecraft:spider":3,"minecraft:creeper":1,"minecraft:sheep":3,"minecraft:skeleton":5,"minecraft:zombie":10,"minecraft:enderman":1},"minecraft:killed_by":{"minecraft:zombie":1,"minecraft:drowned":1},"minecraft:picked_up":{"minecraft:birch_log":13,"minecraft:iron_chestplate":2,"minecraft:crafting_table":3,"minecraft:azure_bluet":1,"minecraft:lilac":1,"minecraft:chicken":2,"minecraft:glow_ink_sac":4,"minecraft:andesite":6,"minecraft:wooden_pickaxe":1,"minecraft:birch_planks":18,"minecraft:gunpowder":1,"minecraft:string":2,"minecraft:dirt":7,"minecraft:wooden_sword":2,"minecraft:cooked_mutton":2,"minecraft:bone":14,"minecraft:bow":1,"minecraft:wheat_seeds":3,"minecraft:orange_tulip":3,"minecraft:cobbled_deepslate":9,"minecraft:raw_gold":3,"minecraft:birch_sapling":1,"minecraft:iron_sword":2,"minecraft:furnace":1,"minecraft:egg":2,"minecraft:raw_iron":120,"minecraft:stick":1,"minecraft:torch":3,"minecraft:diorite":1,"minecraft:grass_block":1,"minecraft:redstone":71,"minecraft:spider_eye":2,"minecraft:orange_bed":1,"minecraft:arrow":6,"minecraft:rotten_flesh":12,"minecraft:diamond":1,"minecraft:red_tulip":2,"minecraft:pink_tulip":2,"minecraft:gray_wool":2,"minecraft:oak_sapling":3,"minecraft:mutton":6,"minecraft:coal":17,"minecraft:white_wool":11,"minecraft:cobblestone":106,"minecraft:ender_pearl":1},"minecraft:mined":{"minecraft:deepslate_redstone_ore":9,"minecraft:deepslate_diamond_ore":1,"minecraft:crafting_table":3,"minecraft:torch":1,"minecraft:grass_block":9,"minecraft:cobblestone":30,"minecraft:tall_grass":2,"minecraft:deepslate_gold_ore":3,"minecraft:diorite":1,"minecraft:wall_torch":2,"minecraft:furnace":1,"minecraft:birch_log":13,"minecraft:iron_ore":46,"minecraft:andesite":2,"minecraft:orange_tulip":3,"minecraft:grass":9,"minecraft:red_tulip":1,"minecraft:coal_ore":17,"minecraft:deepslate_iron_ore":26,"minecraft:dirt":5,"minecraft:stone":69,"minecraft:deepslate":5,"minecraft:orange_bed":1}},"DataVersion":3465}