{"stats":{"minecraft:dropped":{"minecraft:wheat_seeds":3,"minecraft:lilac":1,"minecraft:birch_sapling":1,"minecraft:azure_bluet":1,"minecraft:gunpowder":1,"minecraft:oak_sapling":1,"minecraft:wooden_sword":1,"minecraft:arrow":1,"minecraft:red_tulip":2},"minecraft:custom":{"minecraft:interact_with_furnace":14,"minecraft:mob_kills":14,"minecraft:interact_with_crafting_table":15,"minecraft:time_since_death":1466,"minecraft:sleep_in_bed":2,"minecraft:time_since_rest":1493,"minecraft:sprint_one_cm":179308,"minecraft:damage_taken":700,"minecraft:walk_one_cm":138028,"minecraft:drop":12,"minecraft:damage_dealt":2527,"minecraft:swim_one_cm":2370,"minecraft:fly_one_cm":124024,"minecraft:open_chest":2,"minecraft:crouch_one_cm":2695,"minecraft:play_time":40906,"minecraft:deaths":1,"minecraft:sneak_time":1080,"minecraft:walk_under_water_one_cm":146,"minecraft:jump":722,"minecraft:walk_on_water_one_cm":2080,"minecraft:total_world_time":40906,"minecraft:fall_one_cm":20611},"minecraft:used":{"minecraft:cooked_mutton":2,"minecraft:stone_pickaxe":35,"minecraft:chest":1,"minecraft:wooden_pickaxe":13,"minecraft:iron_sword":9,"minecraft:cooked_chicken":1,"minecraft:rotten_flesh":9,"minecraft:orange_bed":1,"minecraft:torch":12,"minecraft:dirt":7,"minecraft:mutton":6,"minecraft:crafting_table":3,"minecraft:iron_pickaxe":55,"minecraft:wooden_sword":63,"minecraft:cobblestone":44,"minecraft:oak_sapling":1,"minecraft:furnace":1,"minecraft:egg":2,"minecraft:cooked_beef":1},"minecraft:crafted":{"minecraft:cooked_beef":1,"minecraft:crafting_table":1,"minecraft:wooden_pickaxe":1,"minecraft:cooked_chicken":1,"minecraft:iron_sword":1,"minecraft:furnace":1,"minecraft:birch_planks":52,"minecraft:orange_dye":3,"minecraft:orange_wool":3,"minecraft:air":0,"minecraft:stick":20,"minecraft:iron_ingot":20,"minecraft:iron_pickaxe":1,"minecraft:stone_pickaxe":1,"minecraft:chest":1,"minecraft:orange_bed":1,"minecraft:torch":12},"minecraft:killed":{"minecraft:spider":1,"minecraft:creeper":1,"minecraft:sheep":3,"minecraft:skeleton":2,"minecraft:zombie":7},"minecraft:picked_up":{"minecraft:birch_log":13,"minecraft:crafting_table":2,"minecraft:azure_bluet":1,"minecraft:lilac":1,"minecraft:chicken":1,"minecraft:andesite":1,"minecraft:gunpowder":1,"minecraft:string":2,"minecraft:dirt":7,"minecraft:wooden_sword":2,"minecraft:cooked_mutton":2,"minecraft:bone":4,"minecraft:wheat_seeds":3,"minecraft:orange_tulip":3,"minecraft:birch_sapling":1,"minecraft:egg":2,"minecraft:raw_iron":26,"minecraft:stick":1,"minecraft:torch":3,"minecraft:diorite":1,"minecraft:spider_eye":1,"minecraft:arrow":2,"minecraft:rotten_flesh":9,"minecraft:red_tulip":2,"minecraft:pink_tulip":2,"minecraft:gray_wool":1,"minecraft:oak_sapling":3,"minecraft:mutton":6,"minecraft:coal":6,"minecraft:white_wool":7,"minecraft:cobblestone":71},"minecraft:mined":{"minecraft:crafting_table":2,"minecraft:torch":1,"minecraft:grass_block":9,"minecraft:cobblestone":30,"minecraft:tall_grass":2,"minecraft:diorite":1,"minecraft:wall_torch":2,"minecraft:birch_log":13,"minecraft:iron_ore":26,"minecraft:orange_tulip":3,"minecraft:grass":9,"minecraft:red_tulip":1,"minecraft:coal_ore":6,"minecraft:dirt":5,"minecraft:stone":39}},"DataVersion":3465}