{"stats":{"minecraft:dropped":{"minecraft:wheat_seeds":3,"minecraft:gunpowder":1,"minecraft:oak_sapling":1,"minecraft:arrow":1,"minecraft:red_tulip":1},"minecraft:used":{"minecraft:cooked_mutton":2,"minecraft:cooked_chicken":1,"minecraft:wooden_sword":52,"minecraft:dirt":7,"minecraft:mutton":4,"minecraft:crafting_table":1,"minecraft:oak_sapling":1,"minecraft:egg":2},"minecraft:custom":{"minecraft:time_since_rest":16906,"minecraft:interact_with_furnace":3,"minecraft:sprint_one_cm":106548,"minecraft:damage_taken":250,"minecraft:walk_one_cm":76201,"minecraft:mob_kills":11,"minecraft:drop":7,"minecraft:damage_dealt":1701,"minecraft:swim_one_cm":2370,"minecraft:interact_with_crafting_table":3,"minecraft:fly_one_cm":56763,"minecraft:crouch_one_cm":897,"minecraft:play_time":16906,"minecraft:sneak_time":215,"minecraft:walk_under_water_one_cm":146,"minecraft:jump":247,"minecraft:walk_on_water_one_cm":2080,"minecraft:time_since_death":16906,"minecraft:total_world_time":16906,"minecraft:fall_one_cm":4772},"minecraft:crafted":{"minecraft:crafting_table":1,"minecraft:cooked_chicken":1,"minecraft:orange_bed":1,"minecraft:birch_planks":24,"minecraft:orange_dye":3,"minecraft:orange_wool":3,"minecraft:air":0},"minecraft:killed":{"minecraft:sheep":3,"minecraft:skeleton":1,"minecraft:zombie":6,"minecraft:creeper":1},"minecraft:picked_up":{"minecraft:birch_log":6,"minecraft:stick":1,"minecraft:chicken":1,"minecraft:gunpowder":1,"minecraft:dirt":7,"minecraft:string":1,"minecraft:wooden_sword":1,"minecraft:cooked_mutton":2,"minecraft:arrow":1,"minecraft:bone":2,"minecraft:rotten_flesh":8,"minecraft:orange_tulip":3,"minecraft:wheat_seeds":3,"minecraft:red_tulip":1,"minecraft:oak_sapling":2,"minecraft:mutton":6,"minecraft:white_wool":7,"minecraft:egg":2},"minecraft:mined":{"minecraft:birch_log":6,"minecraft:orange_tulip":3,"minecraft:grass":9,"minecraft:grass_block":9,"minecraft:red_tulip":1,"minecraft:dirt":5,"minecraft:tall_grass":1}},"DataVersion":3465}