{"stats":{"minecraft:dropped":{"minecraft:wheat_seeds":3,"minecraft:lilac":1,"minecraft:birch_sapling":1,"minecraft:azure_bluet":1,"minecraft:gunpowder":1,"minecraft:oak_sapling":1,"minecraft:arrow":1,"minecraft:red_tulip":2},"minecraft:custom":{"minecraft:interact_with_furnace":13,"minecraft:mob_kills":14,"minecraft:interact_with_crafting_table":12,"minecraft:time_since_death":28906,"minecraft:sleep_in_bed":2,"minecraft:time_since_rest":911,"minecraft:sprint_one_cm":149283,"minecraft:damage_taken":550,"minecraft:walk_one_cm":97792,"minecraft:drop":11,"minecraft:damage_dealt":2474,"minecraft:swim_one_cm":2370,"minecraft:fly_one_cm":103187,"minecraft:crouch_one_cm":984,"minecraft:play_time":28906,"minecraft:sneak_time":262,"minecraft:walk_under_water_one_cm":146,"minecraft:jump":447,"minecraft:walk_on_water_one_cm":2080,"minecraft:total_world_time":28906,"minecraft:fall_one_cm":13239},"minecraft:used":{"minecraft:cooked_mutton":2,"minecraft:stone_pickaxe":35,"minecraft:wooden_pickaxe":13,"minecraft:iron_sword":8,"minecraft:cooked_chicken":1,"minecraft:rotten_flesh":9,"minecraft:orange_bed":1,"minecraft:torch":7,"minecraft:dirt":7,"minecraft:mutton":6,"minecraft:crafting_table":3,"minecraft:wooden_sword":63,"minecraft:oak_sapling":1,"minecraft:furnace":1,"minecraft:egg":2,"minecraft:cooked_beef":1},"minecraft:crafted":{"minecraft:cooked_beef":1,"minecraft:crafting_table":1,"minecraft:wooden_pickaxe":1,"minecraft:cooked_chicken":1,"minecraft:iron_sword":1,"minecraft:furnace":1,"minecraft:birch_planks":24,"minecraft:orange_dye":3,"minecraft:orange_wool":3,"minecraft:air":0,"minecraft:stick":20,"minecraft:iron_ingot":16,"minecraft:iron_pickaxe":1,"minecraft:stone_pickaxe":1,"minecraft:orange_bed":1,"minecraft:torch":12},"minecraft:killed":{"minecraft:spider":1,"minecraft:creeper":1,"minecraft:sheep":3,"minecraft:skeleton":2,"minecraft:zombie":7},"minecraft:picked_up":{"minecraft:birch_log":6,"minecraft:crafting_table":2,"minecraft:azure_bluet":1,"minecraft:lilac":1,"minecraft:chicken":1,"minecraft:andesite":1,"minecraft:gunpowder":1,"minecraft:string":2,"minecraft:dirt":7,"minecraft:wooden_sword":1,"minecraft:cooked_mutton":2,"minecraft:bone":4,"minecraft:wheat_seeds":3,"minecraft:orange_tulip":3,"minecraft:birch_sapling":1,"minecraft:egg":2,"minecraft:raw_iron":20,"minecraft:stick":1,"minecraft:torch":1,"minecraft:spider_eye":1,"minecraft:arrow":2,"minecraft:rotten_flesh":9,"minecraft:red_tulip":2,"minecraft:pink_tulip":2,"minecraft:gray_wool":1,"minecraft:oak_sapling":3,"minecraft:mutton":6,"minecraft:coal":6,"minecraft:white_wool":7,"minecraft:cobblestone":21},"minecraft:mined":{"minecraft:crafting_table":2,"minecraft:torch":1,"minecraft:grass_block":9,"minecraft:tall_grass":2,"minecraft:birch_log":6,"minecraft:iron_ore":20,"minecraft:orange_tulip":3,"minecraft:grass":9,"minecraft:red_tulip":1,"minecraft:coal_ore":6,"minecraft:dirt":5,"minecraft:stone":21}},"DataVersion":3465}