{"stats":{"minecraft:dropped":{"minecraft:iron_sword":1,"minecraft:wheat_seeds":3,"minecraft:lilac":1,"minecraft:birch_sapling":1,"minecraft:azure_bluet":1,"minecraft:gunpowder":1,"minecraft:oak_sapling":1,"minecraft:wooden_sword":1,"minecraft:arrow":1,"minecraft:red_tulip":2},"minecraft:custom":{"minecraft:interact_with_furnace":16,"minecraft:mob_kills":20,"minecraft:interact_with_crafting_table":20,"minecraft:time_since_death":354,"minecraft:sleep_in_bed":2,"minecraft:time_since_rest":377,"minecraft:sprint_one_cm":213087,"minecraft:damage_taken":1170,"minecraft:walk_one_cm":163918,"minecraft:damage_blocked_by_shield":170,"minecraft:drop":13,"minecraft:damage_dealt":3681,"minecraft:swim_one_cm":21804,"minecraft:fly_one_cm":157603,"minecraft:open_chest":5,"minecraft:crouch_one_cm":5881,"minecraft:play_time":52906,"minecraft:deaths":3,"minecraft:sneak_time":2044,"minecraft:walk_under_water_one_cm":8353,"minecraft:jump":984,"minecraft:walk_on_water_one_cm":15399,"minecraft:total_world_time":52906,"minecraft:fall_one_cm":29032},"minecraft:used":{"minecraft:cooked_mutton":2,"minecraft:diorite":1,"minecraft:stone_pickaxe":35,"minecraft:shield":6,"minecraft:chest":1,"minecraft:wooden_pickaxe":13,"minecraft:iron_sword":32,"minecraft:cooked_chicken":1,"minecraft:rotten_flesh":9,"minecraft:orange_bed":1,"minecraft:torch":23,"minecraft:dirt":7,"minecraft:mutton":6,"minecraft:crafting_table":3,"minecraft:iron_pickaxe":130,"minecraft:wooden_sword":63,"minecraft:cobblestone":72,"minecraft:oak_sapling":1,"minecraft:furnace":1,"minecraft:egg":2,"minecraft:cooked_beef":1,"minecraft:cobbled_deepslate":1},"minecraft:crafted":{"minecraft:cooked_beef":1,"minecraft:crafting_table":1,"minecraft:wooden_pickaxe":1,"minecraft:cooked_chicken":1,"minecraft:iron_sword":1,"minecraft:furnace":1,"minecraft:birch_planks":52,"minecraft:orange_dye":3,"minecraft:orange_wool":3,"minecraft:air":0,"minecraft:iron_chestplate":1,"minecraft:shield":1,"minecraft:stick":20,"minecraft:iron_ingot":20,"minecraft:iron_pickaxe":1,"minecraft:stone_pickaxe":1,"minecraft:chest":1,"minecraft:orange_bed":1,"minecraft:torch":32},"minecraft:killed":{"minecraft:spider":3,"minecraft:creeper":1,"minecraft:sheep":3,"minecraft:skeleton":4,"minecraft:zombie":9},"minecraft:killed_by":{"minecraft:zombie":1,"minecraft:drowned":1},"minecraft:picked_up":{"minecraft:birch_log":13,"minecraft:iron_chestplate":2,"minecraft:crafting_table":2,"minecraft:azure_bluet":1,"minecraft:lilac":1,"minecraft:chicken":2,"minecraft:glow_ink_sac":4,"minecraft:andesite":6,"minecraft:wooden_pickaxe":1,"minecraft:birch_planks":18,"minecraft:gunpowder":1,"minecraft:string":2,"minecraft:dirt":7,"minecraft:wooden_sword":2,"minecraft:cooked_mutton":2,"minecraft:bone":12,"minecraft:wheat_seeds":3,"minecraft:orange_tulip":3,"minecraft:cobbled_deepslate":9,"minecraft:birch_sapling":1,"minecraft:iron_sword":1,"minecraft:egg":2,"minecraft:raw_iron":108,"minecraft:stick":1,"minecraft:torch":3,"minecraft:diorite":1,"minecraft:redstone":56,"minecraft:spider_eye":2,"minecraft:arrow":5,"minecraft:rotten_flesh":12,"minecraft:red_tulip":2,"minecraft:pink_tulip":2,"minecraft:gray_wool":2,"minecraft:oak_sapling":3,"minecraft:mutton":6,"minecraft:coal":12,"minecraft:white_wool":11,"minecraft:cobblestone":92},"minecraft:mined":{"minecraft:deepslate_redstone_ore":6,"minecraft:crafting_table":2,"minecraft:torch":1,"minecraft:grass_block":9,"minecraft:cobblestone":30,"minecraft:tall_grass":2,"minecraft:diorite":1,"minecraft:wall_torch":2,"minecraft:birch_log":13,"minecraft:iron_ore":46,"minecraft:andesite":2,"minecraft:orange_tulip":3,"minecraft:grass":9,"minecraft:red_tulip":1,"minecraft:coal_ore":12,"minecraft:deepslate_iron_ore":21,"minecraft:dirt":5,"minecraft:stone":54,"minecraft:deepslate":5}},"DataVersion":3465}