{"stats":{"minecraft:crafted":{"minecraft:cooked_beef":1,"minecraft:crafting_table":1,"minecraft:iron_helmet":1,"minecraft:cooked_chicken":2,"minecraft:wooden_pickaxe":1,"minecraft:iron_sword":1,"minecraft:furnace":1,"minecraft:bucket":1,"minecraft:birch_planks":52,"minecraft:orange_dye":3,"minecraft:orange_wool":3,"minecraft:air":0,"minecraft:iron_boots":1,"minecraft:iron_chestplate":1,"minecraft:shield":2,"minecraft:stick":28,"minecraft:iron_ingot":60,"minecraft:iron_pickaxe":2,"minecraft:stone_pickaxe":2,"minecraft:chest":1,"minecraft:iron_leggings":1,"minecraft:torch":40,"minecraft:orange_bed":1},"minecraft:killed_by":{"minecraft:zombie":1,"minecraft:drowned":1},"minecraft:custom":{"minecraft:interact_with_furnace":39,"minecraft:mob_kills":28,"minecraft:interact_with_crafting_table":29,"minecraft:leave_game":1,"minecraft:time_since_death":1638,"minecraft:sleep_in_bed":4,"minecraft:time_since_rest":1724,"minecraft:sprint_one_cm":316000,"minecraft:damage_taken":1874,"minecraft:walk_one_cm":214995,"minecraft:damage_blocked_by_shield":320,"minecraft:drop":19,"minecraft:damage_dealt":5382,"minecraft:swim_one_cm":67339,"minecraft:fly_one_cm":259818,"minecraft:open_chest":22,"minecraft:crouch_one_cm":8353,"minecraft:play_time":88244,"minecraft:deaths":6,"minecraft:sneak_time":2714,"minecraft:walk_under_water_one_cm":46408,"minecraft:jump":1654,"minecraft:walk_on_water_one_cm":41401,"minecraft:total_world_time":88244,"minecraft:fall_one_cm":52586},"minecraft:dropped":{"minecraft:iron_sword":1,"minecraft:wheat_seeds":3,"minecraft:lilac":1,"minecraft:cobbled_deepslate":2,"minecraft:tuff":1,"minecraft:birch_sapling":1,"minecraft:rotten_flesh":1,"minecraft:azure_bluet":1,"minecraft:gunpowder":1,"minecraft:andesite":2,"minecraft:oak_sapling":1,"minecraft:wooden_sword":1,"minecraft:arrow":1,"minecraft:red_tulip":2,"minecraft:bone":4},"minecraft:killed":{"minecraft:spider":4,"minecraft:creeper":1,"minecraft:sheep":3,"minecraft:skeleton":6,"minecraft:zombie":12,"minecraft:enderman":1},"minecraft:mined":{"minecraft:deepslate_redstone_ore":9,"minecraft:tuff":1,"minecraft:deepslate_diamond_ore":2,"minecraft:crafting_table":3,"minecraft:torch":1,"minecraft:granite":1,"minecraft:grass_block":9,"minecraft:tall_grass":2,"minecraft:cobblestone":58,"minecraft:deepslate_gold_ore":10,"minecraft:diorite":1,"minecraft:wall_torch":2,"minecraft:furnace":3,"minecraft:birch_log":13,"minecraft:iron_ore":46,"minecraft:andesite":3,"minecraft:orange_tulip":3,"minecraft:deepslate_lapis_ore":4,"minecraft:grass":9,"minecraft:red_tulip":1,"minecraft:coal_ore":20,"minecraft:deepslate_iron_ore":26,"minecraft:dirt":5,"minecraft:stone":92,"minecraft:gold_ore":4,"minecraft:deepslate":9,"minecraft:orange_bed":2},"minecraft:used":{"minecraft:cooked_mutton":2,"minecraft:water_bucket":12,"minecraft:diorite":1,"minecraft:stone_pickaxe":42,"minecraft:chest":1,"minecraft:wooden_pickaxe":16,"minecraft:shield":12,"minecraft:iron_sword":64,"minecraft:cooked_chicken":2,"minecraft:rotten_flesh":9,"minecraft:orange_bed":3,"minecraft:torch":31,"minecraft:dirt":7,"minecraft:mutton":6,"minecraft:crafting_table":3,"minecraft:lava_bucket":10,"minecraft:iron_pickaxe":234,"minecraft:wooden_sword":63,"minecraft:cobblestone":118,"minecraft:oak_sapling":1,"minecraft:furnace":3,"minecraft:bucket":23,"minecraft:egg":2,"minecraft:cooked_beef":1,"minecraft:cobbled_deepslate":1},"minecraft:picked_up":{"minecraft:birch_log":13,"minecraft:crafting_table":3,"minecraft:iron_chestplate":3,"minecraft:azure_bluet":1,"minecraft:lilac":1,"minecraft:chicken":3,"minecraft:glow_ink_sac":4,"minecraft:andesite":10,"minecraft:wooden_pickaxe":3,"minecraft:birch_planks":18,"minecraft:tuff":2,"minecraft:shield":1,"minecraft:gunpowder":1,"minecraft:lapis_lazuli":62,"minecraft:string":2,"minecraft:dirt":7,"minecraft:wooden_sword":2,"minecraft:iron_leggings":1,"minecraft:cooked_mutton":2,"minecraft:bone":20,"minecraft:bow":3,"minecraft:wheat_seeds":3,"minecraft:orange_tulip":3,"minecraft:cobbled_deepslate":25,"minecraft:raw_gold":18,"minecraft:iron_pickaxe":1,"minecraft:birch_sapling":1,"minecraft:iron_sword":3,"minecraft:furnace":5,"minecraft:iron_boots":1,"minecraft:egg":2,"minecraft:raw_iron":120,"minecraft:stick":7,"minecraft:torch":6,"minecraft:lava_bucket":1,"minecraft:diorite":1,"minecraft:grass_block":1,"minecraft:redstone":71,"minecraft:spider_eye":2,"minecraft:orange_bed":2,"minecraft:arrow":7,"minecraft:rotten_flesh":19,"minecraft:diamond":2,"minecraft:iron_helmet":1,"minecraft:red_tulip":2,"minecraft:granite":3,"minecraft:pink_tulip":2,"minecraft:gray_wool":2,"minecraft:oak_sapling":3,"minecraft:mutton":6,"minecraft:coal":22,"minecraft:white_wool":11,"minecraft:cobblestone":167,"minecraft:ender_pearl":1}},"DataVersion":3465}