{"stats":{"minecraft:used":{"minecraft:oak_sapling":1},"minecraft:dropped":{"minecraft:wheat_seeds":1,"minecraft:red_tulip":1,"minecraft:oak_sapling":1},"minecraft:custom":{"minecraft:time_since_rest":4906,"minecraft:crouch_one_cm":95,"minecraft:play_time":4906,"minecraft:sprint_one_cm":42708,"minecraft:damage_taken":70,"minecraft:walk_one_cm":8349,"minecraft:sneak_time":8,"minecraft:drop":3,"minecraft:jump":60,"minecraft:damage_dealt":50,"minecraft:time_since_death":4906,"minecraft:total_world_time":4906,"minecraft:fall_one_cm":1254,"minecraft:fly_one_cm":17220},"minecraft:crafted":{"minecraft:birch_planks":8},"minecraft:picked_up":{"minecraft:birch_log":2,"minecraft:stick":1,"minecraft:wheat_seeds":1,"minecraft:red_tulip":1,"minecraft:oak_sapling":2},"minecraft:mined":{"minecraft:grass":5,"minecraft:red_tulip":1,"minecraft:birch_log":2}},"DataVersion":3465}