{"stats":{"minecraft:dropped":{"minecraft:iron_sword":1,"minecraft:wheat_seeds":3,"minecraft:lilac":1,"minecraft:cobbled_deepslate":2,"minecraft:tuff":1,"minecraft:birch_sapling":1,"minecraft:rotten_flesh":1,"minecraft:azure_bluet":1,"minecraft:gunpowder":1,"minecraft:andesite":1,"minecraft:oak_sapling":1,"minecraft:wooden_sword":1,"minecraft:arrow":1,"minecraft:red_tulip":2,"minecraft:bone":4},"minecraft:custom":{"minecraft:interact_with_furnace":39,"minecraft:mob_kills":28,"minecraft:interact_with_crafting_table":29,"minecraft:time_since_death":3949,"minecraft:sleep_in_bed":3,"minecraft:time_since_rest":3979,"minecraft:sprint_one_cm":279845,"minecraft:damage_taken":1547,"minecraft:walk_one_cm":197945,"minecraft:damage_blocked_by_shield":320,"minecraft:drop":18,"minecraft:damage_dealt":5382,"minecraft:swim_one_cm":36120,"minecraft:fly_one_cm":220049,"minecraft:open_chest":18,"minecraft:crouch_one_cm":7672,"minecraft:play_time":76906,"minecraft:deaths":4,"minecraft:sneak_time":2535,"minecraft:walk_under_water_one_cm":32211,"minecraft:jump":1433,"minecraft:walk_on_water_one_cm":25124,"minecraft:total_world_time":76906,"minecraft:fall_one_cm":46733},"minecraft:used":{"minecraft:water_bucket":3,"minecraft:cooked_mutton":2,"minecraft:diorite":1,"minecraft:stone_pickaxe":42,"minecraft:shield":12,"minecraft:chest":1,"minecraft:wooden_pickaxe":16,"minecraft:iron_sword":64,"minecraft:cooked_chicken":2,"minecraft:rotten_flesh":9,"minecraft:orange_bed":3,"minecraft:torch":30,"minecraft:dirt":7,"minecraft:mutton":6,"minecraft:crafting_table":3,"minecraft:iron_pickaxe":198,"minecraft:wooden_sword":63,"minecraft:cobblestone":92,"minecraft:oak_sapling":1,"minecraft:furnace":3,"minecraft:bucket":4,"minecraft:egg":2,"minecraft:cooked_beef":1,"minecraft:cobbled_deepslate":1},"minecraft:crafted":{"minecraft:cooked_beef":1,"minecraft:crafting_table":1,"minecraft:iron_helmet":1,"minecraft:wooden_pickaxe":1,"minecraft:cooked_chicken":2,"minecraft:iron_sword":1,"minecraft:furnace":1,"minecraft:bucket":1,"minecraft:birch_planks":52,"minecraft:orange_dye":3,"minecraft:orange_wool":3,"minecraft:air":0,"minecraft:iron_boots":1,"minecraft:iron_chestplate":1,"minecraft:shield":2,"minecraft:stick":28,"minecraft:iron_ingot":60,"minecraft:iron_pickaxe":2,"minecraft:stone_pickaxe":2,"minecraft:chest":1,"minecraft:iron_leggings":1,"minecraft:orange_bed":1,"minecraft:torch":40},"minecraft:killed":{"minecraft:spider":4,"minecraft:creeper":1,"minecraft:sheep":3,"minecraft:skeleton":6,"minecraft:zombie":12,"minecraft:enderman":1},"minecraft:killed_by":{"minecraft:zombie":1,"minecraft:drowned":1},"minecraft:picked_up":{"minecraft:birch_log":13,"minecraft:iron_chestplate":2,"minecraft:crafting_table":3,"minecraft:azure_bluet":1,"minecraft:lilac":1,"minecraft:chicken":3,"minecraft:glow_ink_sac":4,"minecraft:andesite":8,"minecraft:wooden_pickaxe":2,"minecraft:birch_planks":18,"minecraft:tuff":2,"minecraft:gunpowder":1,"minecraft:lapis_lazuli":31,"minecraft:string":2,"minecraft:dirt":7,"minecraft:wooden_sword":2,"minecraft:cooked_mutton":2,"minecraft:bone":20,"minecraft:bow":2,"minecraft:wheat_seeds":3,"minecraft:orange_tulip":3,"minecraft:cobbled_deepslate":19,"minecraft:raw_gold":14,"minecraft:birch_sapling":1,"minecraft:iron_sword":2,"minecraft:furnace":4,"minecraft:egg":2,"minecraft:raw_iron":120,"minecraft:stick":5,"minecraft:torch":3,"minecraft:diorite":1,"minecraft:grass_block":1,"minecraft:redstone":71,"minecraft:spider_eye":2,"minecraft:orange_bed":2,"minecraft:arrow":7,"minecraft:rotten_flesh":15,"minecraft:diamond":2,"minecraft:granite":2,"minecraft:red_tulip":2,"minecraft:pink_tulip":2,"minecraft:gray_wool":2,"minecraft:oak_sapling":3,"minecraft:mutton":6,"minecraft:coal":21,"minecraft:white_wool":11,"minecraft:cobblestone":125,"minecraft:ender_pearl":1},"minecraft:mined":{"minecraft:deepslate_redstone_ore":9,"minecraft:tuff":1,"minecraft:deepslate_diamond_ore":2,"minecraft:crafting_table":3,"minecraft:torch":1,"minecraft:granite":1,"minecraft:grass_block":9,"minecraft:cobblestone":36,"minecraft:tall_grass":2,"minecraft:deepslate_gold_ore":10,"minecraft:diorite":1,"minecraft:wall_torch":2,"minecraft:furnace":3,"minecraft:birch_log":13,"minecraft:iron_ore":46,"minecraft:andesite":3,"minecraft:orange_tulip":3,"minecraft:deepslate_lapis_ore":4,"minecraft:grass":9,"minecraft:red_tulip":1,"minecraft:coal_ore":20,"minecraft:deepslate_iron_ore":26,"minecraft:dirt":5,"minecraft:stone":78,"minecraft:gold_ore":4,"minecraft:deepslate":9,"minecraft:orange_bed":2}},"DataVersion":3465}