{"stats":{"minecraft:dropped":{"minecraft:cooked_mutton":2,"minecraft:wooden_sword":1,"minecraft:white_wool":5},"minecraft:custom":{"minecraft:interact_with_furnace":7,"minecraft:mob_kills":38,"minecraft:interact_with_crafting_table":9,"minecraft:time_since_death":19229,"minecraft:time_since_rest":19229,"minecraft:sprint_one_cm":28380,"minecraft:damage_taken":390,"minecraft:walk_one_cm":56283,"minecraft:drop":3,"minecraft:damage_dealt":4174,"minecraft:swim_one_cm":2184,"minecraft:fly_one_cm":66557,"minecraft:crouch_one_cm":1155,"minecraft:play_time":19229,"minecraft:sneak_time":220,"minecraft:walk_under_water_one_cm":494,"minecraft:jump":298,"minecraft:walk_on_water_one_cm":2540,"minecraft:total_world_time":19229,"minecraft:fall_one_cm":2986},"minecraft:used":{"minecraft:cooked_mutton":2,"minecraft:stone_sword":128,"minecraft:stone_pickaxe":24,"minecraft:wooden_pickaxe":15,"minecraft:cooked_chicken":2,"minecraft:rotten_flesh":2,"minecraft:dirt":15,"minecraft:crafting_table":2,"minecraft:white_bed":1,"minecraft:stone_axe":18,"minecraft:bow":1,"minecraft:furnace":2},"minecraft:crafted":{"minecraft:wooden_sword":1,"minecraft:oak_planks":40,"minecraft:crafting_table":1,"minecraft:wooden_pickaxe":1,"minecraft:cooked_chicken":2,"minecraft:furnace":1,"minecraft:birch_planks":16,"minecraft:stone_axe":1,"minecraft:cooked_mutton":4,"minecraft:air":0,"minecraft:stick":8,"minecraft:stone_pickaxe":1,"minecraft:stone_sword":1,"minecraft:white_bed":1},"minecraft:killed":{"minecraft:pig":3,"minecraft:spider":4,"minecraft:sheep":10,"minecraft:skeleton":1,"minecraft:zombie":5,"minecraft:chicken":7,"minecraft:cow":8},"minecraft:picked_up":{"minecraft:birch_log":4,"minecraft:crafting_table":2,"minecraft:azure_bluet":1,"minecraft:feather":6,"minecraft:lilac":1,"minecraft:chicken":6,"minecraft:leather":9,"minecraft:oak_log":14,"minecraft:gunpowder":1,"minecraft:dirt":20,"minecraft:string":2,"minecraft:bone":1,"minecraft:apple":1,"minecraft:bow":1,"minecraft:beef":16,"minecraft:sugar_cane":3,"minecraft:birch_sapling":1,"minecraft:oak_planks":47,"minecraft:furnace":2,"minecraft:porkchop":5,"minecraft:white_bed":1,"minecraft:spider_eye":2,"minecraft:arrow":2,"minecraft:rotten_flesh":6,"minecraft:red_tulip":1,"minecraft:pink_tulip":2,"minecraft:gray_wool":1,"minecraft:oak_sapling":1,"minecraft:mutton":13,"minecraft:white_wool":10,"minecraft:cobblestone":25},"minecraft:mined":{"minecraft:white_bed":1,"minecraft:crafting_table":2,"minecraft:grass_block":3,"minecraft:sugar_cane":1,"minecraft:furnace":2,"minecraft:birch_log":4,"minecraft:lilac":1,"minecraft:birch_leaves":1,"minecraft:azure_bluet":1,"minecraft:grass":25,"minecraft:oak_log":14,"minecraft:dirt":10,"minecraft:pink_tulip":2,"minecraft:stone":25,"minecraft:oak_leaves":2}},"DataVersion":3465}