{"stats":{"minecraft:dropped":{"minecraft:lilac":3,"minecraft:birch_sapling":2,"minecraft:cooked_mutton":2,"minecraft:azure_bluet":2,"minecraft:gray_wool":1,"minecraft:oak_sapling":1,"minecraft:wooden_sword":1,"minecraft:red_tulip":2,"minecraft:white_wool":5,"minecraft:pink_tulip":2},"minecraft:custom":{"minecraft:interact_with_furnace":15,"minecraft:mob_kills":44,"minecraft:interact_with_crafting_table":9,"minecraft:leave_game":1,"minecraft:time_since_death":30944,"minecraft:sleep_in_bed":1,"minecraft:time_since_rest":911,"minecraft:sprint_one_cm":45565,"minecraft:damage_taken":680,"minecraft:walk_one_cm":92423,"minecraft:drop":15,"minecraft:damage_dealt":4768,"minecraft:swim_one_cm":2385,"minecraft:fly_one_cm":88664,"minecraft:crouch_one_cm":3980,"minecraft:play_time":30944,"minecraft:sneak_time":950,"minecraft:walk_under_water_one_cm":3625,"minecraft:jump":435,"minecraft:walk_on_water_one_cm":2620,"minecraft:total_world_time":30944,"minecraft:fall_one_cm":7661},"minecraft:used":{"minecraft:cooked_mutton":2,"minecraft:stone_sword":143,"minecraft:stone_pickaxe":72,"minecraft:wooden_pickaxe":15,"minecraft:cooked_chicken":2,"minecraft:rotten_flesh":2,"minecraft:torch":18,"minecraft:dirt":15,"minecraft:crafting_table":2,"minecraft:white_bed":3,"minecraft:stone_axe":31,"minecraft:bow":1,"minecraft:furnace":3,"minecraft:cooked_beef":4},"minecraft:crafted":{"minecraft:cooked_beef":6,"minecraft:wooden_sword":1,"minecraft:oak_planks":56,"minecraft:crafting_table":1,"minecraft:wooden_pickaxe":1,"minecraft:cooked_chicken":2,"minecraft:furnace":1,"minecraft:birch_planks":60,"minecraft:stone_axe":1,"minecraft:cooked_mutton":4,"minecraft:air":0,"minecraft:stick":16,"minecraft:stone_pickaxe":1,"minecraft:stone_sword":1,"minecraft:white_bed":1,"minecraft:torch":32},"minecraft:killed":{"minecraft:pig":3,"minecraft:spider":4,"minecraft:sheep":10,"minecraft:skeleton":1,"minecraft:zombie":6,"minecraft:chicken":7,"minecraft:cow":13},"minecraft:picked_up":{"minecraft:birch_log":15,"minecraft:crafting_table":2,"minecraft:feather":6,"minecraft:azure_bluet":2,"minecraft:lilac":3,"minecraft:chicken":6,"minecraft:andesite":9,"minecraft:leather":12,"minecraft:oak_log":14,"minecraft:gunpowder":1,"minecraft:dirt":22,"minecraft:string":2,"minecraft:bone":1,"minecraft:apple":1,"minecraft:bow":1,"minecraft:beef":27,"minecraft:sugar_cane":3,"minecraft:birch_sapling":2,"minecraft:oak_planks":47,"minecraft:furnace":3,"minecraft:raw_iron":20,"minecraft:porkchop":5,"minecraft:white_bed":3,"minecraft:spider_eye":2,"minecraft:arrow":2,"minecraft:rotten_flesh":8,"minecraft:red_tulip":2,"minecraft:pink_tulip":2,"minecraft:gray_wool":1,"minecraft:oak_sapling":1,"minecraft:mutton":13,"minecraft:coal":20,"minecraft:white_wool":10,"minecraft:cobblestone":30},"minecraft:mined":{"minecraft:white_bed":3,"minecraft:crafting_table":2,"minecraft:grass_block":3,"minecraft:sugar_cane":1,"minecraft:furnace":3,"minecraft:birch_log":15,"minecraft:iron_ore":22,"minecraft:lilac":2,"minecraft:andesite":9,"minecraft:birch_leaves":2,"minecraft:azure_bluet":1,"minecraft:grass":26,"minecraft:oak_log":14,"minecraft:coal_ore":12,"minecraft:dirt":10,"minecraft:pink_tulip":2,"minecraft:stone":29,"minecraft:oak_leaves":2}},"DataVersion":3465}