{"stats":{"minecraft:used":{"minecraft:stone_sword":20,"minecraft:stone_pickaxe":22,"minecraft:wooden_pickaxe":15,"minecraft:stone_axe":16,"minecraft:crafting_table":2},"minecraft:custom":{"minecraft:time_since_rest":7229,"minecraft:sprint_one_cm":8030,"minecraft:damage_taken":10,"minecraft:walk_one_cm":10997,"minecraft:mob_kills":5,"minecraft:damage_dealt":490,"minecraft:fly_one_cm":21966,"minecraft:interact_with_crafting_table":5,"minecraft:crouch_one_cm":921,"minecraft:play_time":7229,"minecraft:sneak_time":172,"minecraft:jump":96,"minecraft:time_since_death":7229,"minecraft:total_world_time":7229,"minecraft:fall_one_cm":627},"minecraft:crafted":{"minecraft:oak_planks":40,"minecraft:crafting_table":1,"minecraft:stick":8,"minecraft:wooden_pickaxe":1,"minecraft:stone_pickaxe":1,"minecraft:stone_sword":1,"minecraft:furnace":1,"minecraft:stone_axe":1},"minecraft:killed":{"minecraft:sheep":4,"minecraft:spider":1},"minecraft:picked_up":{"minecraft:birch_log":4,"minecraft:crafting_table":1,"minecraft:azure_bluet":1,"minecraft:oak_log":14,"minecraft:spider_eye":1,"minecraft:string":1,"minecraft:dirt":12,"minecraft:apple":1,"minecraft:red_tulip":1,"minecraft:gray_wool":1,"minecraft:oak_sapling":1,"minecraft:mutton":4,"minecraft:birch_sapling":1,"minecraft:white_wool":3,"minecraft:cobblestone":25},"minecraft:mined":{"minecraft:birch_log":4,"minecraft:birch_leaves":1,"minecraft:crafting_table":1,"minecraft:azure_bluet":1,"minecraft:grass":7,"minecraft:grass_block":3,"minecraft:oak_log":14,"minecraft:dirt":9,"minecraft:stone":25,"minecraft:oak_leaves":2}},"DataVersion":3465}