{"stats":{"minecraft:dropped":{"minecraft:lilac":3,"minecraft:birch_sapling":2,"minecraft:cooked_mutton":2,"minecraft:azure_bluet":2,"minecraft:gray_wool":1,"minecraft:oak_sapling":1,"minecraft:wooden_sword":1,"minecraft:red_tulip":2,"minecraft:white_wool":5,"minecraft:pink_tulip":2},"minecraft:custom":{"minecraft:interact_with_furnace":47,"minecraft:mob_kills":44,"minecraft:interact_with_crafting_table":18,"minecraft:leave_game":4,"minecraft:time_since_death":41328,"minecraft:sleep_in_bed":1,"minecraft:time_since_rest":11295,"minecraft:sprint_one_cm":45887,"minecraft:damage_taken":680,"minecraft:walk_one_cm":103624,"minecraft:drop":15,"minecraft:damage_dealt":4768,"minecraft:swim_one_cm":2385,"minecraft:fly_one_cm":88886,"minecraft:play_time":41328,"minecraft:crouch_one_cm":5277,"minecraft:sneak_time":1235,"minecraft:walk_under_water_one_cm":3625,"minecraft:jump":457,"minecraft:walk_on_water_one_cm":2620,"minecraft:total_world_time":41328,"minecraft:fall_one_cm":7661},"minecraft:used":{"minecraft:cooked_mutton":2,"minecraft:stone_sword":143,"minecraft:stone_pickaxe":87,"minecraft:wooden_pickaxe":15,"minecraft:cooked_chicken":2,"minecraft:rotten_flesh":2,"minecraft:torch":22,"minecraft:dirt":15,"minecraft:crafting_table":3,"minecraft:white_bed":3,"minecraft:stone_axe":32,"minecraft:bow":1,"minecraft:furnace":5,"minecraft:cooked_beef":5},"minecraft:crafted":{"minecraft:cooked_beef":26,"minecraft:wooden_sword":1,"minecraft:oak_planks":56,"minecraft:crafting_table":1,"minecraft:iron_helmet":1,"minecraft:wooden_pickaxe":1,"minecraft:cooked_chicken":2,"minecraft:furnace":2,"minecraft:birch_planks":60,"minecraft:stone_axe":1,"minecraft:cooked_mutton":4,"minecraft:air":0,"minecraft:iron_boots":1,"minecraft:iron_chestplate":1,"minecraft:stick":20,"minecraft:iron_ingot":25,"minecraft:stone_pickaxe":1,"minecraft:stone_sword":1,"minecraft:iron_leggings":1,"minecraft:white_bed":1,"minecraft:torch":32},"minecraft:killed":{"minecraft:pig":3,"minecraft:spider":4,"minecraft:sheep":10,"minecraft:skeleton":1,"minecraft:zombie":6,"minecraft:chicken":7,"minecraft:cow":13},"minecraft:picked_up":{"minecraft:birch_log":15,"minecraft:crafting_table":3,"minecraft:azure_bluet":2,"minecraft:feather":6,"minecraft:lilac":3,"minecraft:chicken":6,"minecraft:andesite":9,"minecraft:leather":12,"minecraft:oak_log":14,"minecraft:gunpowder":1,"minecraft:dirt":22,"minecraft:string":2,"minecraft:bone":1,"minecraft:apple":1,"minecraft:bow":1,"minecraft:beef":27,"minecraft:sugar_cane":3,"minecraft:birch_sapling":2,"minecraft:oak_planks":47,"minecraft:furnace":5,"minecraft:raw_iron":33,"minecraft:torch":3,"minecraft:porkchop":5,"minecraft:white_bed":3,"minecraft:spider_eye":2,"minecraft:arrow":2,"minecraft:rotten_flesh":8,"minecraft:red_tulip":2,"minecraft:pink_tulip":2,"minecraft:gray_wool":1,"minecraft:oak_sapling":1,"minecraft:mutton":13,"minecraft:coal":20,"minecraft:white_wool":10,"minecraft:cobblestone":35},"minecraft:mined":{"minecraft:white_bed":3,"minecraft:crafting_table":3,"minecraft:grass_block":3,"minecraft:sugar_cane":1,"minecraft:wall_torch":3,"minecraft:furnace":5,"minecraft:birch_log":15,"minecraft:iron_ore":30,"minecraft:lilac":2,"minecraft:andesite":9,"minecraft:birch_leaves":2,"minecraft:azure_bluet":1,"minecraft:grass":26,"minecraft:oak_log":14,"minecraft:coal_ore":12,"minecraft:dirt":10,"minecraft:pink_tulip":2,"minecraft:stone":34,"minecraft:oak_leaves":2}},"DataVersion":3465}